Workbook

Sheet Sheet1
A3: zz
A4: Content Type | B4: Total
A5: Carousel | B5: 25182
A6: Image | B6: 18617
A7: Reel | B7: 444520
A8: Text | B8: 13094
A9: Video | B9: 440197
A10: Grand Total | B10: 941610

Sheet Sheet3
B3: Data
A4: Platform | B4: Sum of Impressions | C4: Sum of Likes
A5: Facebook | B5: 4229271 | C5: 62993
A6: Instagram | B6: 12425477 | C6: 371886
A7: LinkedIn | B7: 2033218 | C7: 46667
A8: TikTok | B8: 56611226 | C8: 2070105
A9: Twitter | B9: 2930077 | C9: 37591
A10: Grand Total | B10: 78229269 | C10: 2589242

Sheet Pivot Table 1
A2: Platform | B2: SUM of Impressions | C2: SUM of Likes
A3: Facebook | B3: 4229271 | C3: 62993
A4: Instagram | B4: 12425477 | C4: 371886
A5: LinkedIn | B5: 2033218 | C5: 46667
A6: TikTok | B6: 56611226 | C6: 2070105
A7: Twitter | B7: 2930077 | C7: 37591
A8: Grand Total | B8: 78229269 | C8: 2589242

Sheet Social Media Analytics
A1: Post ID | B1: Platform | C1: Post Date | D1: Content Type | E1: Impressions | F1: Reach | G1: Likes | H1: Comments | I1: Shares | J1: ENGAGEMENT RATE | K1: Engagement Rate % | L1: Engagement Rate | M1: Content Type | N1: Total Shares | O1: Engagement Rate
A2: POST-60001 | B2: Facebook | C2: 45685 | D2: Text | E2: 24500 | F2: 7733 | G2: 383 | H2: 68 | I2: 188 | J2: =(G2+H2+I2)/E2 -> 0.026081633 | K2: 8.26 | L2: =(G2+H2+I2)/E2 -> 0.026081633 | M2: Text | N2: =SUMIF(D:D,M2,I:I) -> 13094 | O2: =(G2+H2+I2)/E2 -> 0.026081633
A3: POST-60002 | B3: Instagram | C3: 45959 | D3: Image | E3: 23105 | F3: 11753 | G3: 298 | H3: 61 | I3: 69 | J3: =(G3+H3+I3)/E3 -> 0.018524129 | K3: 3.64 | L3: =(G3+H3+I3)/E3 -> 0.018524129 | M3: Image | N3: =SUMIF(D:D,M3,I:I) -> 18617 | O3: =(G3+H3+I3)/E3 -> 0.018524129
A4: POST-60003 | B4: Twitter | C4: 45433 | D4: Video | E4: 24700 | F4: 14185 | G4: 168 | H4: 54 | I4: 238 | J4: =(G4+H4+I4)/E4 -> 0.018623482 | K4: 3.24 | L4: =(G4+H4+I4)/E4 -> 0.018623482 | M4: Video | N4: =SUMIF(D:D,M4,I:I) -> 440197 | O4: =(G4+H4+I4)/E4 -> 0.018623482
A5: POST-60004 | B5: TikTok | C5: 45835 | D5: Video | E5: 400879 | F5: 188271 | G5: 5974 | H5: 2084 | I5: 6006 | J5: =(G5+H5+I5)/E5 -> 0.035082905 | K5: 7.47 | L5: =(G5+H5+I5)/E5 -> 0.035082905 | M5: Reel | N5: =SUMIF(D:D,M5,I:I) -> 444520 | O5: =(G5+H5+I5)/E5 -> 0.035082905
A6: POST-60005 | B6: Instagram | C6: 45397 | D6: Video | E6: 13259 | F6: 5637 | G6: 352 | H6: 61 | I6: 8 | J6: =(G6+H6+I6)/E6 -> 0.031752017 | K6: 7.47 | L6: =(G6+H6+I6)/E6 -> 0.031752017 | M6: Carousel | N6: =SUMIF(D:D,M6,I:I) -> 25182 | O6: =(G6+H6+I6)/E6 -> 0.031752017
A7: POST-60006 | B7: Instagram | C7: 45372 | D7: Image | E7: 6469 | F7: 3790 | G7: 205 | H7: 10 | I7: 13 | J7: =(G7+H7+I7)/E7 -> 0.035245015 | K7: 6.02 | L7: =(G7+H7+I7)/E7 -> 0.035245015
A8: POST-60007 | B8: Instagram | C8: 45895 | D8: Reel | E8: 35618 | F8: 19926 | G8: 667 | H8: 236 | I8: 182 | J8: =(G8+H8+I8)/E8 -> 0.030462126 | K8: 5.45 | L8: =(G8+H8+I8)/E8 -> 0.030462126 | M8: winner | N8: {=INDEX(M2:M6,MATCH(MAX(N2:N6),N2:N6,0))} -> Reel
A9: POST-60008 | B9: LinkedIn | C9: 45477 | D9: Text | E9: 9468 | F9: 4910 | G9: 173 | H9: 67 | I9: 20 | J9: =(G9+H9+I9)/E9 -> 0.027460921 | K9: 5.3 | L9: =(G9+H9+I9)/E9 -> 0.027460921
A10: POST-60009 | B10: Instagram | C10: 45320 | D10: Reel | E10: 99396 | F10: 75092 | G10: 5314 | H10: 887 | I10: 706 | J10: =(G10+H10+I10)/E10 -> 0.069489718 | K10: 9.2 | L10: =(G10+H10+I10)/E10 -> 0.069489718
A11: POST-60010 | B11: TikTok | C11: 45550 | D11: Reel | E11: 27570 | F11: 16102 | G11: 1791 | H11: 337 | I11: 297 | J11: =(G11+H11+I11)/E11 -> 0.087957925 | K11: 15.06 | L11: =(G11+H11+I11)/E11 -> 0.087957925
A12: POST-60011 | B12: Facebook | C12: 45530 | D12: Video | E12: 49204 | F12: 23651 | G12: 804 | H12: 381 | I12: 677 | J12: =(G12+H12+I12)/E12 -> 0.037842452 | K12: 7.87 | L12: =(G12+H12+I12)/E12 -> 0.037842452
A13: POST-60012 | B13: TikTok | C13: 45330 | D13: Video | E13: 491623 | F13: 208356 | G13: 20614 | H13: 3190 | I13: 7463 | J13: =(G13+H13+I13)/E13 -> 0.063599547 | K13: 15.01 | L13: =(G13+H13+I13)/E13 -> 0.063599547
A14: POST-60013 | B14: Instagram | C14: 45411 | D14: Carousel | E14: 64155 | F14: 29632 | G14: 1109 | H14: 285 | I14: 145 | J14: =(G14+H14+I14)/E14 -> 0.023988777 | K14: 5.19 | L14: =(G14+H14+I14)/E14 -> 0.023988777
A15: POST-60014 | B15: Instagram | C15: 45633 | D15: Carousel | E15: 28492 | F15: 15059 | G15: 332 | H15: 141 | I15: 89 | J15: =(G15+H15+I15)/E15 -> 0.019724835 | K15: 3.73 | L15: =(G15+H15+I15)/E15 -> 0.019724835
A16: POST-60015 | B16: Instagram | C16: 45546 | D16: Video | E16: 10536 | F16: 6800 | G16: 151 | H16: 35 | I16: 32 | J16: =(G16+H16+I16)/E16 -> 0.020690964 | K16: 3.21 | L16: =(G16+H16+I16)/E16 -> 0.020690964
A17: POST-60016 | B17: LinkedIn | C17: 46013 | D17: Text | E17: 18688 | F17: 11271 | G17: 652 | H17: 106 | I17: 143 | J17: =(G17+H17+I17)/E17 -> 0.048212757 | K17: 7.99 | L17: =(G17+H17+I17)/E17 -> 0.048212757
A18: POST-60017 | B18: Facebook | C18: 45376 | D18: Carousel | E18: 21204 | F18: 13712 | G18: 177 | H18: 179 | I18: 269 | J18: =(G18+H18+I18)/E18 -> 0.029475571 | K18: 4.56 | L18: =(G18+H18+I18)/E18 -> 0.029475571
A19: POST-60018 | B19: Instagram | C19: 45918 | D19: Image | E19: 28864 | F19: 14737 | G19: 703 | H19: 146 | I19: 68 | J19: =(G19+H19+I19)/E19 -> 0.031769678 | K19: 6.22 | L19: =(G19+H19+I19)/E19 -> 0.031769678
A20: POST-60019 | B20: Instagram | C20: 45511 | D20: Image | E20: 46840 | F20: 31199 | G20: 1992 | H20: 297 | I20: 285 | J20: =(G20+H20+I20)/E20 -> 0.054953032 | K20: 8.25 | L20: =(G20+H20+I20)/E20 -> 0.054953032
... A1001: POST-61000 | B1001: TikTok | C1001: 45717 | D1001: Reel | E1001: 132006 | F1001: 59268 | G1001: 4064 | H1001: 1000 | I1001: 2514 | J1001: =(G1001+H1001+I1001)/E1001 -> 0.057406482 | K1001: 12.79 | L1001: =(G1001+H1001+I1001)/E1001 -> 0.057406482

Sheet Summary
A1: Social Media Analytics Summary
A3: Key Metrics | B3: Value | D3: Platform Breakdown | J3: Content Type Breakdown
A4: Total Posts | B4: =COUNTA('Social Media Analytics'!$A$2:$A$1001) -> 1000 | D4: Platform | E4: Posts | F4: Impressions | G4: Reach | H4: Avg Engagement Rate | J4: Content Type | K4: Posts | L4: Impressions | M4: Total Shares | N4: Avg Engagement Rate
A5: Total Impressions | B5: =SUM('Social Media Analytics'!$E$2:$E$1001) -> 78229269 | D5: Facebook | E5: =COUNTIF('Social Media Analytics'!$B$2:$B$1001,D5) -> 189 | F5: =SUMIF('Social Media Analytics'!$B$2:$B$1001,D5,'Social Media Analytics'!$E$2:$E$1001) -> 4229271 | G5: =SUMIF('Social Media Analytics'!$B$2:$B$1001,D5,'Social Media Analytics'!$F$2:$F$1001) -> 2187812 | H5: =AVERAGEIF('Social Media Analytics'!$B$2:$B$1001,D5,'Social Media Analytics'!$J$2:$J$1001) -> 0.029380166 | J5: Carousel | K5: =COUNTIF('Social Media Analytics'!$D$2:$D$1001,J5) -> 166 | L5: =SUMIF('Social Media Analytics'!$D$2:$D$1001,J5,'Social Media Analytics'!$E$2:$E$1001) -> 5363938 | M5: =SUMIF('Social Media Analytics'!$D$2:$D$1001,J5,'Social Media Analytics'!$I$2:$I$1001) -> 25182 | N5: =AVERAGEIF('Social Media Analytics'!$D$2:$D$1001,J5,'Social Media Analytics'!$J$2:$J$1001) -> 0.0341822
A6: Total Reach | B6: =SUM('Social Media Analytics'!$F$2:$F$1001) -> 40612399 | D6: Instagram | E6: =COUNTIF('Social Media Analytics'!$B$2:$B$1001,D6) -> 268 | F6: =SUMIF('Social Media Analytics'!$B$2:$B$1001,D6,'Social Media Analytics'!$E$2:$E$1001) -> 12425477 | G6: =SUMIF('Social Media Analytics'!$B$2:$B$1001,D6,'Social Media Analytics'!$F$2:$F$1001) -> 7413389 | H6: =AVERAGEIF('Social Media Analytics'!$B$2:$B$1001,D6,'Social Media Analytics'!$J$2:$J$1001) -> 0.038519245 | J6: Image | K6: =COUNTIF('Social Media Analytics'!$D$2:$D$1001,J6) -> 196 | L6: =SUMIF('Social Media Analytics'!$D$2:$D$1001,J6,'Social Media Analytics'!$E$2:$E$1001) -> 3105802 | M6: =SUMIF('Social Media Analytics'!$D$2:$D$1001,J6,'Social Media Analytics'!$I$2:$I$1001) -> 18617 | N6: =AVERAGEIF('Social Media Analytics'!$D$2:$D$1001,J6,'Social Media Analytics'!$J$2:$J$1001) -> 0.031870373
A7: Total Likes | B7: =SUM('Social Media Analytics'!$G$2:$G$1001) -> 2589242 | D7: LinkedIn | E7: =COUNTIF('Social Media Analytics'!$B$2:$B$1001,D7) -> 143 | F7: =SUMIF('Social Media Analytics'!$B$2:$B$1001,D7,'Social Media Analytics'!$E$2:$E$1001) -> 2033218 | G7: =SUMIF('Social Media Analytics'!$B$2:$B$1001,D7,'Social Media Analytics'!$F$2:$F$1001) -> 1240578 | H7: =AVERAGEIF('Social Media Analytics'!$B$2:$B$1001,D7,'Social Media Analytics'!$J$2:$J$1001) -> 0.036806244 | J7: Reel | K7: =COUNTIF('Social Media Analytics'!$D$2:$D$1001,J7) -> 207 | L7: =SUMIF('Social Media Analytics'!$D$2:$D$1001,J7,'Social Media Analytics'!$E$2:$E$1001) -> 33268434 | M7: =SUMIF('Social Media Analytics'!$D$2:$D$1001,J7,'Social Media Analytics'!$I$2:$I$1001) -> 444520 | N7: =AVERAGEIF('Social Media Analytics'!$D$2:$D$1001,J7,'Social Media Analytics'!$J$2:$J$1001) -> 0.053415578
A8: Total Comments | B8: =SUM('Social Media Analytics'!$H$2:$H$1001) -> 602984 | D8: TikTok | E8: =COUNTIF('Social Media Analytics'!$B$2:$B$1001,D8) -> 242 | F8: =SUMIF('Social Media Analytics'!$B$2:$B$1001,D8,'Social Media Analytics'!$E$2:$E$1001) -> 56611226 | G8: =SUMIF('Social Media Analytics'!$B$2:$B$1001,D8,'Social Media Analytics'!$F$2:$F$1001) -> 27621646 | H8: =AVERAGEIF('Social Media Analytics'!$B$2:$B$1001,D8,'Social Media Analytics'!$J$2:$J$1001) -> 0.060946608 | J8: Text | K8: =COUNTIF('Social Media Analytics'!$D$2:$D$1001,J8) -> 138 | L8: =SUMIF('Social Media Analytics'!$D$2:$D$1001,J8,'Social Media Analytics'!$E$2:$E$1001) -> 1671002 | M8: =SUMIF('Social Media Analytics'!$D$2:$D$1001,J8,'Social Media Analytics'!$I$2:$I$1001) -> 13094 | N8: =AVERAGEIF('Social Media Analytics'!$D$2:$D$1001,J8,'Social Media Analytics'!$J$2:$J$1001) -> 0.029984031
A9: Total Shares | B9: =SUM('Social Media Analytics'!$I$2:$I$1001) -> 941610 | D9: Twitter | E9: =COUNTIF('Social Media Analytics'!$B$2:$B$1001,D9) -> 158 | F9: =SUMIF('Social Media Analytics'!$B$2:$B$1001,D9,'Social Media Analytics'!$E$2:$E$1001) -> 2930077 | G9: =SUMIF('Social Media Analytics'!$B$2:$B$1001,D9,'Social Media Analytics'!$F$2:$F$1001) -> 2148974 | H9: =AVERAGEIF('Social Media Analytics'!$B$2:$B$1001,D9,'Social Media Analytics'!$J$2:$J$1001) -> 0.023854554 | J9: Video | K9: =COUNTIF('Social Media Analytics'!$D$2:$D$1001,J9) -> 293 | L9: =SUMIF('Social Media Analytics'!$D$2:$D$1001,J9,'Social Media Analytics'!$E$2:$E$1001) -> 34820093 | M9: =SUMIF('Social Media Analytics'!$D$2:$D$1001,J9,'Social Media Analytics'!$I$2:$I$1001) -> 440197 | N9: =AVERAGEIF('Social Media Analytics'!$D$2:$D$1001,J9,'Social Media Analytics'!$J$2:$J$1001) -> 0.042804579
A10: Average Engagement Rate | B10: =AVERAGE('Social Media Analytics'!$J$2:$J$1001) -> 0.039657401
A11: Highest Engagement Rate | B11: =MAX('Social Media Analytics'!$J$2:$J$1001) -> 0.12525628
A12: Date Range Start | B12: =MIN('Social Media Analytics'!$C$2:$C$1001) -> 45292
A13: Date Range End | B13: =MAX('Social Media Analytics'!$C$2:$C$1001) -> 46019
A14: Top Platform by Impressions | B14: =INDEX($D$5:$D$9,MATCH(MAX($F$5:$F$9),$F$5:$F$9,0)) -> TikTok
A15: Top Content Type by Impressions | B15: =INDEX($J$5:$J$9,MATCH(MAX($L$5:$L$9),$L$5:$L$9,0)) -> Video
